Activation,Architecture,Batch Size,Epochs,Accuracy,Precision,Recall,F1 Score
logistic,"(5,)",10,1000,0.8266666666666667,0.8368743573581119,0.8266666666666667,0.8208451899546819
logistic,"(5,)",10,2000,0.8266666666666667,0.8368743573581119,0.8266666666666667,0.8208451899546819
logistic,"(5,)",10,3000,0.8266666666666667,0.8368743573581119,0.8266666666666667,0.8208451899546819
logistic,"(5,)",10,4000,0.8266666666666667,0.8368743573581119,0.8266666666666667,0.8208451899546819
logistic,"(5,)",10,5000,0.8266666666666667,0.8368743573581119,0.8266666666666667,0.8208451899546819
logistic,"(5,)",50,1000,0.8088888888888889,0.8099095768532228,0.8088888888888889,0.8029866511129357
logistic,"(5,)",50,2000,0.8088888888888889,0.8099095768532228,0.8088888888888889,0.8029866511129357
logistic,"(5,)",50,3000,0.8088888888888889,0.8099095768532228,0.8088888888888889,0.8029866511129357
logistic,"(5,)",50,4000,0.8088888888888889,0.8099095768532228,0.8088888888888889,0.8029866511129357
logistic,"(5,)",50,5000,0.8088888888888889,0.8099095768532228,0.8088888888888889,0.8029866511129357
logistic,"(5,)",100,1000,0.8066666666666666,0.8069290604365231,0.8066666666666666,0.802305103259942
logistic,"(5,)",100,2000,0.8066666666666666,0.8069290604365231,0.8066666666666666,0.802305103259942
logistic,"(5,)",100,3000,0.8066666666666666,0.8069290604365231,0.8066666666666666,0.802305103259942
logistic,"(5,)",100,4000,0.8066666666666666,0.8069290604365231,0.8066666666666666,0.802305103259942
logistic,"(5,)",100,5000,0.8066666666666666,0.8069290604365231,0.8066666666666666,0.802305103259942
logistic,"(5,)",200,1000,0.8155555555555556,0.8072029828683633,0.8155555555555556,0.8039581733843089
logistic,"(5,)",200,2000,0.8088888888888889,0.7972348942551385,0.8088888888888889,0.7971327233787646
logistic,"(5,)",200,3000,0.8088888888888889,0.7972348942551385,0.8088888888888889,0.7971327233787646
logistic,"(5,)",200,4000,0.8088888888888889,0.7972348942551385,0.8088888888888889,0.7971327233787646
logistic,"(5,)",200,5000,0.8088888888888889,0.7972348942551385,0.8088888888888889,0.7971327233787646
logistic,"(10,)",10,1000,0.9022222222222223,0.9072056737466516,0.9022222222222223,0.903078396413017
logistic,"(10,)",10,2000,0.9022222222222223,0.9072056737466516,0.9022222222222223,0.903078396413017
logistic,"(10,)",10,3000,0.9022222222222223,0.9072056737466516,0.9022222222222223,0.903078396413017
logistic,"(10,)",10,4000,0.9022222222222223,0.9072056737466516,0.9022222222222223,0.903078396413017
logistic,"(10,)",10,5000,0.9022222222222223,0.9072056737466516,0.9022222222222223,0.903078396413017
logistic,"(10,)",50,1000,0.9,0.9030561705363908,0.9,0.8994053877909035
logistic,"(10,)",50,2000,0.9,0.9030561705363908,0.9,0.8994053877909035
logistic,"(10,)",50,3000,0.9,0.9030561705363908,0.9,0.8994053877909035
logistic,"(10,)",50,4000,0.9,0.9030561705363908,0.9,0.8994053877909035
logistic,"(10,)",50,5000,0.9,0.9030561705363908,0.9,0.8994053877909035
logistic,"(10,)",100,1000,0.9177777777777778,0.9191167835995423,0.9177777777777778,0.9173843852641594
logistic,"(10,)",100,2000,0.9177777777777778,0.9191167835995423,0.9177777777777778,0.9173843852641594
logistic,"(10,)",100,3000,0.9177777777777778,0.9191167835995423,0.9177777777777778,0.9173843852641594
logistic,"(10,)",100,4000,0.9177777777777778,0.9191167835995423,0.9177777777777778,0.9173843852641594
logistic,"(10,)",100,5000,0.9177777777777778,0.9191167835995423,0.9177777777777778,0.9173843852641594
logistic,"(10,)",200,1000,0.9177777777777778,0.9192195767195767,0.9177777777777778,0.9167469226176537
logistic,"(10,)",200,2000,0.9088888888888889,0.91014907768704,0.9088888888888889,0.9082041989280998
logistic,"(10,)",200,3000,0.9088888888888889,0.91014907768704,0.9088888888888889,0.9082041989280998
logistic,"(10,)",200,4000,0.9088888888888889,0.91014907768704,0.9088888888888889,0.9082041989280998
logistic,"(10,)",200,5000,0.9088888888888889,0.91014907768704,0.9088888888888889,0.9082041989280998
logistic,"(5, 3)",10,1000,0.6688888888888889,0.6566899191928325,0.6688888888888889,0.6610423521964102
logistic,"(5, 3)",10,2000,0.6688888888888889,0.6566899191928325,0.6688888888888889,0.6610423521964102
logistic,"(5, 3)",10,3000,0.6688888888888889,0.6566899191928325,0.6688888888888889,0.6610423521964102
logistic,"(5, 3)",10,4000,0.6688888888888889,0.6566899191928325,0.6688888888888889,0.6610423521964102
logistic,"(5, 3)",10,5000,0.6688888888888889,0.6566899191928325,0.6688888888888889,0.6610423521964102
logistic,"(5, 3)",50,1000,0.6555555555555556,0.6406826975523139,0.6555555555555556,0.6458819585632117
logistic,"(5, 3)",50,2000,0.6555555555555556,0.6406826975523139,0.6555555555555556,0.6458819585632117
logistic,"(5, 3)",50,3000,0.6555555555555556,0.6406826975523139,0.6555555555555556,0.6458819585632117
logistic,"(5, 3)",50,4000,0.6555555555555556,0.6406826975523139,0.6555555555555556,0.6458819585632117
logistic,"(5, 3)",50,5000,0.6555555555555556,0.6406826975523139,0.6555555555555556,0.6458819585632117
logistic,"(5, 3)",100,1000,0.6711111111111111,0.6586725376645278,0.6711111111111111,0.6622741400872871
logistic,"(5, 3)",100,2000,0.6711111111111111,0.6586725376645278,0.6711111111111111,0.6622741400872871
logistic,"(5, 3)",100,3000,0.6711111111111111,0.6586725376645278,0.6711111111111111,0.6622741400872871
logistic,"(5, 3)",100,4000,0.6711111111111111,0.6586725376645278,0.6711111111111111,0.6622741400872871
logistic,"(5, 3)",100,5000,0.6711111111111111,0.6586725376645278,0.6711111111111111,0.6622741400872871
logistic,"(5, 3)",200,1000,0.6666666666666666,0.6541887150899963,0.6666666666666666,0.6586463794822808
logistic,"(5, 3)",200,2000,0.6666666666666666,0.6541887150899963,0.6666666666666666,0.6586463794822808
logistic,"(5, 3)",200,3000,0.6666666666666666,0.6541887150899963,0.6666666666666666,0.6586463794822808
logistic,"(5, 3)",200,4000,0.6666666666666666,0.6541887150899963,0.6666666666666666,0.6586463794822808
logistic,"(5, 3)",200,5000,0.6666666666666666,0.6541887150899963,0.6666666666666666,0.6586463794822808
logistic,"(10, 5)",10,1000,0.9266666666666666,0.9311825396825396,0.9266666666666666,0.9249810811540226
logistic,"(10, 5)",10,2000,0.9266666666666666,0.9311825396825396,0.9266666666666666,0.9249810811540226
logistic,"(10, 5)",10,3000,0.9266666666666666,0.9311825396825396,0.9266666666666666,0.9249810811540226
logistic,"(10, 5)",10,4000,0.9266666666666666,0.9311825396825396,0.9266666666666666,0.9249810811540226
logistic,"(10, 5)",10,5000,0.9266666666666666,0.9311825396825396,0.9266666666666666,0.9249810811540226
logistic,"(10, 5)",50,1000,0.9177777777777778,0.9202627288853704,0.9177777777777778,0.9167250496989074
logistic,"(10, 5)",50,2000,0.9177777777777778,0.9202627288853704,0.9177777777777778,0.9167250496989074
logistic,"(10, 5)",50,3000,0.9177777777777778,0.9202627288853704,0.9177777777777778,0.9167250496989074
logistic,"(10, 5)",50,4000,0.9177777777777778,0.9202627288853704,0.9177777777777778,0.9167250496989074
logistic,"(10, 5)",50,5000,0.9177777777777778,0.9202627288853704,0.9177777777777778,0.9167250496989074
logistic,"(10, 5)",100,1000,0.9311111111111111,0.9309230996295158,0.9311111111111111,0.9306775955187339
logistic,"(10, 5)",100,2000,0.9311111111111111,0.9309230996295158,0.9311111111111111,0.9306775955187339
logistic,"(10, 5)",100,3000,0.9311111111111111,0.9309230996295158,0.9311111111111111,0.9306775955187339
logistic,"(10, 5)",100,4000,0.9311111111111111,0.9309230996295158,0.9311111111111111,0.9306775955187339
logistic,"(10, 5)",100,5000,0.9311111111111111,0.9309230996295158,0.9311111111111111,0.9306775955187339
logistic,"(10, 5)",200,1000,0.9311111111111111,0.9310669348157479,0.9311111111111111,0.9307460912302741
logistic,"(10, 5)",200,2000,0.9311111111111111,0.9310669348157479,0.9311111111111111,0.9307460912302741
logistic,"(10, 5)",200,3000,0.9311111111111111,0.9310669348157479,0.9311111111111111,0.9307460912302741
logistic,"(10, 5)",200,4000,0.9311111111111111,0.9310669348157479,0.9311111111111111,0.9307460912302741
logistic,"(10, 5)",200,5000,0.9311111111111111,0.9310669348157479,0.9311111111111111,0.9307460912302741
logistic,"(15, 10, 5)",10,1000,0.9133333333333333,0.9130619634602685,0.9133333333333333,0.9124479149663703
logistic,"(15, 10, 5)",10,2000,0.9133333333333333,0.9130619634602685,0.9133333333333333,0.9124479149663703
logistic,"(15, 10, 5)",10,3000,0.9133333333333333,0.9130619634602685,0.9133333333333333,0.9124479149663703
logistic,"(15, 10, 5)",10,4000,0.9133333333333333,0.9130619634602685,0.9133333333333333,0.9124479149663703
logistic,"(15, 10, 5)",10,5000,0.9133333333333333,0.9130619634602685,0.9133333333333333,0.9124479149663703
logistic,"(15, 10, 5)",50,1000,0.9266666666666666,0.9269382103056384,0.9266666666666666,0.9259134991877946
logistic,"(15, 10, 5)",50,2000,0.9266666666666666,0.9269382103056384,0.9266666666666666,0.9259134991877946
logistic,"(15, 10, 5)",50,3000,0.9266666666666666,0.9269382103056384,0.9266666666666666,0.9259134991877946
logistic,"(15, 10, 5)",50,4000,0.9266666666666666,0.9269382103056384,0.9266666666666666,0.9259134991877946
logistic,"(15, 10, 5)",50,5000,0.9266666666666666,0.9269382103056384,0.9266666666666666,0.9259134991877946
logistic,"(15, 10, 5)",100,1000,0.9244444444444444,0.924897176290619,0.9244444444444444,0.9235872896886433
logistic,"(15, 10, 5)",100,2000,0.9244444444444444,0.924897176290619,0.9244444444444444,0.9235872896886433
logistic,"(15, 10, 5)",100,3000,0.9244444444444444,0.924897176290619,0.9244444444444444,0.9235872896886433
logistic,"(15, 10, 5)",100,4000,0.9244444444444444,0.924897176290619,0.9244444444444444,0.9235872896886433
logistic,"(15, 10, 5)",100,5000,0.9244444444444444,0.924897176290619,0.9244444444444444,0.9235872896886433
logistic,"(15, 10, 5)",200,1000,0.9155555555555556,0.9152846683893195,0.9155555555555556,0.9153140385853121
logistic,"(15, 10, 5)",200,2000,0.9155555555555556,0.9152846683893195,0.9155555555555556,0.9153140385853121
logistic,"(15, 10, 5)",200,3000,0.9155555555555556,0.9152846683893195,0.9155555555555556,0.9153140385853121
logistic,"(15, 10, 5)",200,4000,0.9155555555555556,0.9152846683893195,0.9155555555555556,0.9153140385853121
logistic,"(15, 10, 5)",200,5000,0.9155555555555556,0.9152846683893195,0.9155555555555556,0.9153140385853121
logistic,"(20, 15, 10)",10,1000,0.9066666666666666,0.9114808362369339,0.9066666666666666,0.9075707097029176
logistic,"(20, 15, 10)",10,2000,0.9066666666666666,0.9114808362369339,0.9066666666666666,0.9075707097029176
logistic,"(20, 15, 10)",10,3000,0.9066666666666666,0.9114808362369339,0.9066666666666666,0.9075707097029176
logistic,"(20, 15, 10)",10,4000,0.9066666666666666,0.9114808362369339,0.9066666666666666,0.9075707097029176
logistic,"(20, 15, 10)",10,5000,0.9066666666666666,0.9114808362369339,0.9066666666666666,0.9075707097029176
logistic,"(20, 15, 10)",50,1000,0.9044444444444445,0.9077009170739821,0.9044444444444445,0.9051864244307761
logistic,"(20, 15, 10)",50,2000,0.9044444444444445,0.9077009170739821,0.9044444444444445,0.9051864244307761
logistic,"(20, 15, 10)",50,3000,0.9044444444444445,0.9077009170739821,0.9044444444444445,0.9051864244307761
logistic,"(20, 15, 10)",50,4000,0.9044444444444445,0.9077009170739821,0.9044444444444445,0.9051864244307761
logistic,"(20, 15, 10)",50,5000,0.9044444444444445,0.9077009170739821,0.9044444444444445,0.9051864244307761
logistic,"(20, 15, 10)",100,1000,0.9177777777777778,0.9184555925332457,0.9177777777777778,0.9165833574753269
logistic,"(20, 15, 10)",100,2000,0.9177777777777778,0.9184555925332457,0.9177777777777778,0.9165833574753269
logistic,"(20, 15, 10)",100,3000,0.9177777777777778,0.9184555925332457,0.9177777777777778,0.9165833574753269
logistic,"(20, 15, 10)",100,4000,0.9177777777777778,0.9184555925332457,0.9177777777777778,0.9165833574753269
logistic,"(20, 15, 10)",100,5000,0.9177777777777778,0.9184555925332457,0.9177777777777778,0.9165833574753269
logistic,"(20, 15, 10)",200,1000,0.9066666666666666,0.909432597224805,0.9066666666666666,0.9045742196334268
logistic,"(20, 15, 10)",200,2000,0.9066666666666666,0.909432597224805,0.9066666666666666,0.9045742196334268
logistic,"(20, 15, 10)",200,3000,0.9066666666666666,0.909432597224805,0.9066666666666666,0.9045742196334268
logistic,"(20, 15, 10)",200,4000,0.9066666666666666,0.909432597224805,0.9066666666666666,0.9045742196334268
logistic,"(20, 15, 10)",200,5000,0.9066666666666666,0.909432597224805,0.9066666666666666,0.9045742196334268
tanh,"(5,)",10,1000,0.8133333333333334,0.8186290844957511,0.8133333333333334,0.8088209104057185
tanh,"(5,)",10,2000,0.8133333333333334,0.8186290844957511,0.8133333333333334,0.8088209104057185
tanh,"(5,)",10,3000,0.8133333333333334,0.8186290844957511,0.8133333333333334,0.8088209104057185
tanh,"(5,)",10,4000,0.8133333333333334,0.8186290844957511,0.8133333333333334,0.8088209104057185
tanh,"(5,)",10,5000,0.8133333333333334,0.8186290844957511,0.8133333333333334,0.8088209104057185
tanh,"(5,)",50,1000,0.7933333333333333,0.7769555216175905,0.7933333333333333,0.7841274623300415
tanh,"(5,)",50,2000,0.7933333333333333,0.7769555216175905,0.7933333333333333,0.7841274623300415
tanh,"(5,)",50,3000,0.7933333333333333,0.7769555216175905,0.7933333333333333,0.7841274623300415
tanh,"(5,)",50,4000,0.7933333333333333,0.7769555216175905,0.7933333333333333,0.7841274623300415
tanh,"(5,)",50,5000,0.7933333333333333,0.7769555216175905,0.7933333333333333,0.7841274623300415
tanh,"(5,)",100,1000,0.8777777777777778,0.875156043707873,0.8777777777777778,0.8741013067154146
tanh,"(5,)",100,2000,0.8777777777777778,0.875156043707873,0.8777777777777778,0.8741013067154146
tanh,"(5,)",100,3000,0.8777777777777778,0.875156043707873,0.8777777777777778,0.8741013067154146
tanh,"(5,)",100,4000,0.8777777777777778,0.875156043707873,0.8777777777777778,0.8741013067154146
tanh,"(5,)",100,5000,0.8777777777777778,0.875156043707873,0.8777777777777778,0.8741013067154146
tanh,"(5,)",200,1000,0.8244444444444444,0.8101818220401108,0.8244444444444444,0.8161007179607489
tanh,"(5,)",200,2000,0.8244444444444444,0.8101818220401108,0.8244444444444444,0.8161007179607489
tanh,"(5,)",200,3000,0.8244444444444444,0.8101818220401108,0.8244444444444444,0.8161007179607489
tanh,"(5,)",200,4000,0.8244444444444444,0.8101818220401108,0.8244444444444444,0.8161007179607489
tanh,"(5,)",200,5000,0.8244444444444444,0.8101818220401108,0.8244444444444444,0.8161007179607489
tanh,"(10,)",10,1000,0.9111111111111111,0.9180185985982103,0.9111111111111111,0.9104521268949227
tanh,"(10,)",10,2000,0.9111111111111111,0.9180185985982103,0.9111111111111111,0.9104521268949227
tanh,"(10,)",10,3000,0.9111111111111111,0.9180185985982103,0.9111111111111111,0.9104521268949227
tanh,"(10,)",10,4000,0.9111111111111111,0.9180185985982103,0.9111111111111111,0.9104521268949227
tanh,"(10,)",10,5000,0.9111111111111111,0.9180185985982103,0.9111111111111111,0.9104521268949227
tanh,"(10,)",50,1000,0.9266666666666666,0.9267923044424947,0.9266666666666666,0.9263048273529796
tanh,"(10,)",50,2000,0.9266666666666666,0.9267923044424947,0.9266666666666666,0.9263048273529796
tanh,"(10,)",50,3000,0.9266666666666666,0.9267923044424947,0.9266666666666666,0.9263048273529796
tanh,"(10,)",50,4000,0.9266666666666666,0.9267923044424947,0.9266666666666666,0.9263048273529796
tanh,"(10,)",50,5000,0.9266666666666666,0.9267923044424947,0.9266666666666666,0.9263048273529796
tanh,"(10,)",100,1000,0.9177777777777778,0.9179633140823072,0.9177777777777778,0.9173772116103827
tanh,"(10,)",100,2000,0.9177777777777778,0.9179633140823072,0.9177777777777778,0.9173772116103827
tanh,"(10,)",100,3000,0.9177777777777778,0.9179633140823072,0.9177777777777778,0.9173772116103827
tanh,"(10,)",100,4000,0.9177777777777778,0.9179633140823072,0.9177777777777778,0.9173772116103827
tanh,"(10,)",100,5000,0.9177777777777778,0.9179633140823072,0.9177777777777778,0.9173772116103827
tanh,"(10,)",200,1000,0.9088888888888889,0.9089674396565892,0.9088888888888889,0.9087049266367376
tanh,"(10,)",200,2000,0.9088888888888889,0.9089674396565892,0.9088888888888889,0.9087049266367376
tanh,"(10,)",200,3000,0.9088888888888889,0.9089674396565892,0.9088888888888889,0.9087049266367376
tanh,"(10,)",200,4000,0.9088888888888889,0.9089674396565892,0.9088888888888889,0.9087049266367376
tanh,"(10,)",200,5000,0.9088888888888889,0.9089674396565892,0.9088888888888889,0.9087049266367376
tanh,"(5, 3)",10,1000,0.7911111111111111,0.7925644315411758,0.7911111111111111,0.790327277102063
tanh,"(5, 3)",10,2000,0.7911111111111111,0.7925644315411758,0.7911111111111111,0.790327277102063
tanh,"(5, 3)",10,3000,0.7911111111111111,0.7925644315411758,0.7911111111111111,0.790327277102063
tanh,"(5, 3)",10,4000,0.7911111111111111,0.7925644315411758,0.7911111111111111,0.790327277102063
tanh,"(5, 3)",10,5000,0.7911111111111111,0.7925644315411758,0.7911111111111111,0.790327277102063
tanh,"(5, 3)",50,1000,0.8622222222222222,0.8471124697830504,0.8622222222222222,0.8534950999024399
tanh,"(5, 3)",50,2000,0.8622222222222222,0.8471124697830504,0.8622222222222222,0.8534950999024399
tanh,"(5, 3)",50,3000,0.8622222222222222,0.8471124697830504,0.8622222222222222,0.8534950999024399
tanh,"(5, 3)",50,4000,0.8622222222222222,0.8471124697830504,0.8622222222222222,0.8534950999024399
tanh,"(5, 3)",50,5000,0.8622222222222222,0.8471124697830504,0.8622222222222222,0.8534950999024399
tanh,"(5, 3)",100,1000,0.8644444444444445,0.8469203502747139,0.8644444444444445,0.8553495219118581
tanh,"(5, 3)",100,2000,0.8644444444444445,0.8469203502747139,0.8644444444444445,0.8553495219118581
tanh,"(5, 3)",100,3000,0.8644444444444445,0.8469203502747139,0.8644444444444445,0.8553495219118581
tanh,"(5, 3)",100,4000,0.8644444444444445,0.8469203502747139,0.8644444444444445,0.8553495219118581
tanh,"(5, 3)",100,5000,0.8644444444444445,0.8469203502747139,0.8644444444444445,0.8553495219118581
tanh,"(5, 3)",200,1000,0.8688888888888889,0.8520222576025939,0.8688888888888889,0.8590450388130116
tanh,"(5, 3)",200,2000,0.8688888888888889,0.8520222576025939,0.8688888888888889,0.8590450388130116
tanh,"(5, 3)",200,3000,0.8688888888888889,0.8520222576025939,0.8688888888888889,0.8590450388130116
tanh,"(5, 3)",200,4000,0.8688888888888889,0.8520222576025939,0.8688888888888889,0.8590450388130116
tanh,"(5, 3)",200,5000,0.8688888888888889,0.8520222576025939,0.8688888888888889,0.8590450388130116
tanh,"(10, 5)",10,1000,0.9066666666666666,0.9117697111631539,0.9066666666666666,0.9078233513892119
tanh,"(10, 5)",10,2000,0.9066666666666666,0.9117697111631539,0.9066666666666666,0.9078233513892119
tanh,"(10, 5)",10,3000,0.9066666666666666,0.9117697111631539,0.9066666666666666,0.9078233513892119
tanh,"(10, 5)",10,4000,0.9066666666666666,0.9117697111631539,0.9066666666666666,0.9078233513892119
tanh,"(10, 5)",10,5000,0.9066666666666666,0.9117697111631539,0.9066666666666666,0.9078233513892119
tanh,"(10, 5)",50,1000,0.9133333333333333,0.914221428150046,0.9133333333333333,0.9124771577700868
tanh,"(10, 5)",50,2000,0.9133333333333333,0.914221428150046,0.9133333333333333,0.9124771577700868
tanh,"(10, 5)",50,3000,0.9133333333333333,0.914221428150046,0.9133333333333333,0.9124771577700868
tanh,"(10, 5)",50,4000,0.9133333333333333,0.914221428150046,0.9133333333333333,0.9124771577700868
tanh,"(10, 5)",50,5000,0.9133333333333333,0.914221428150046,0.9133333333333333,0.9124771577700868
tanh,"(10, 5)",100,1000,0.9244444444444444,0.9246117993244349,0.9244444444444444,0.9243292597640657
tanh,"(10, 5)",100,2000,0.9244444444444444,0.9246117993244349,0.9244444444444444,0.9243292597640657
tanh,"(10, 5)",100,3000,0.9244444444444444,0.9246117993244349,0.9244444444444444,0.9243292597640657
tanh,"(10, 5)",100,4000,0.9244444444444444,0.9246117993244349,0.9244444444444444,0.9243292597640657
tanh,"(10, 5)",100,5000,0.9244444444444444,0.9246117993244349,0.9244444444444444,0.9243292597640657
tanh,"(10, 5)",200,1000,0.8933333333333333,0.895781240202293,0.8933333333333333,0.8939249561338223
tanh,"(10, 5)",200,2000,0.8933333333333333,0.895781240202293,0.8933333333333333,0.8939249561338223
tanh,"(10, 5)",200,3000,0.8933333333333333,0.895781240202293,0.8933333333333333,0.8939249561338223
tanh,"(10, 5)",200,4000,0.8933333333333333,0.895781240202293,0.8933333333333333,0.8939249561338223
tanh,"(10, 5)",200,5000,0.8933333333333333,0.895781240202293,0.8933333333333333,0.8939249561338223
tanh,"(15, 10, 5)",10,1000,0.8755555555555555,0.8824098429188755,0.8755555555555555,0.8752479486751811
tanh,"(15, 10, 5)",10,2000,0.8755555555555555,0.8824098429188755,0.8755555555555555,0.8752479486751811
tanh,"(15, 10, 5)",10,3000,0.8755555555555555,0.8824098429188755,0.8755555555555555,0.8752479486751811
tanh,"(15, 10, 5)",10,4000,0.8755555555555555,0.8824098429188755,0.8755555555555555,0.8752479486751811
tanh,"(15, 10, 5)",10,5000,0.8755555555555555,0.8824098429188755,0.8755555555555555,0.8752479486751811
tanh,"(15, 10, 5)",50,1000,0.9244444444444444,0.9247997030829128,0.9244444444444444,0.9238067029684056
tanh,"(15, 10, 5)",50,2000,0.9244444444444444,0.9247997030829128,0.9244444444444444,0.9238067029684056
tanh,"(15, 10, 5)",50,3000,0.9244444444444444,0.9247997030829128,0.9244444444444444,0.9238067029684056
tanh,"(15, 10, 5)",50,4000,0.9244444444444444,0.9247997030829128,0.9244444444444444,0.9238067029684056
tanh,"(15, 10, 5)",50,5000,0.9244444444444444,0.9247997030829128,0.9244444444444444,0.9238067029684056
tanh,"(15, 10, 5)",100,1000,0.9044444444444445,0.9058834398737781,0.9044444444444445,0.9034065688853418
tanh,"(15, 10, 5)",100,2000,0.9044444444444445,0.9058834398737781,0.9044444444444445,0.9034065688853418
tanh,"(15, 10, 5)",100,3000,0.9044444444444445,0.9058834398737781,0.9044444444444445,0.9034065688853418
tanh,"(15, 10, 5)",100,4000,0.9044444444444445,0.9058834398737781,0.9044444444444445,0.9034065688853418
tanh,"(15, 10, 5)",100,5000,0.9044444444444445,0.9058834398737781,0.9044444444444445,0.9034065688853418
tanh,"(15, 10, 5)",200,1000,0.9,0.9012936453287977,0.9,0.898985945709309
tanh,"(15, 10, 5)",200,2000,0.9,0.9012936453287977,0.9,0.898985945709309
tanh,"(15, 10, 5)",200,3000,0.9,0.9012936453287977,0.9,0.898985945709309
tanh,"(15, 10, 5)",200,4000,0.9,0.9012936453287977,0.9,0.898985945709309
tanh,"(15, 10, 5)",200,5000,0.9,0.9012936453287977,0.9,0.898985945709309
tanh,"(20, 15, 10)",10,1000,0.8977777777777778,0.9029951186506211,0.8977777777777778,0.8986572892925582
tanh,"(20, 15, 10)",10,2000,0.8977777777777778,0.9029951186506211,0.8977777777777778,0.8986572892925582
tanh,"(20, 15, 10)",10,3000,0.8977777777777778,0.9029951186506211,0.8977777777777778,0.8986572892925582
tanh,"(20, 15, 10)",10,4000,0.8977777777777778,0.9029951186506211,0.8977777777777778,0.8986572892925582
tanh,"(20, 15, 10)",10,5000,0.8977777777777778,0.9029951186506211,0.8977777777777778,0.8986572892925582
tanh,"(20, 15, 10)",50,1000,0.9111111111111111,0.9122349076015218,0.9111111111111111,0.9105986000860663
tanh,"(20, 15, 10)",50,2000,0.9111111111111111,0.9122349076015218,0.9111111111111111,0.9105986000860663
tanh,"(20, 15, 10)",50,3000,0.9111111111111111,0.9122349076015218,0.9111111111111111,0.9105986000860663
tanh,"(20, 15, 10)",50,4000,0.9111111111111111,0.9122349076015218,0.9111111111111111,0.9105986000860663
tanh,"(20, 15, 10)",50,5000,0.9111111111111111,0.9122349076015218,0.9111111111111111,0.9105986000860663
tanh,"(20, 15, 10)",100,1000,0.8955555555555555,0.897416679938419,0.8955555555555555,0.8941840842030264
tanh,"(20, 15, 10)",100,2000,0.8955555555555555,0.897416679938419,0.8955555555555555,0.8941840842030264
tanh,"(20, 15, 10)",100,3000,0.8955555555555555,0.897416679938419,0.8955555555555555,0.8941840842030264
tanh,"(20, 15, 10)",100,4000,0.8955555555555555,0.897416679938419,0.8955555555555555,0.8941840842030264
tanh,"(20, 15, 10)",100,5000,0.8955555555555555,0.897416679938419,0.8955555555555555,0.8941840842030264
tanh,"(20, 15, 10)",200,1000,0.8888888888888888,0.8895412402804379,0.8888888888888888,0.8881697457026404
tanh,"(20, 15, 10)",200,2000,0.8888888888888888,0.8895412402804379,0.8888888888888888,0.8881697457026404
tanh,"(20, 15, 10)",200,3000,0.8888888888888888,0.8895412402804379,0.8888888888888888,0.8881697457026404
tanh,"(20, 15, 10)",200,4000,0.8888888888888888,0.8895412402804379,0.8888888888888888,0.8881697457026404
tanh,"(20, 15, 10)",200,5000,0.8888888888888888,0.8895412402804379,0.8888888888888888,0.8881697457026404
relu,"(5,)",10,1000,0.8155555555555556,0.8166859893542928,0.8155555555555556,0.8122594903627306
relu,"(5,)",10,2000,0.8155555555555556,0.8166859893542928,0.8155555555555556,0.8122594903627306
relu,"(5,)",10,3000,0.8155555555555556,0.8166859893542928,0.8155555555555556,0.8122594903627306
relu,"(5,)",10,4000,0.8155555555555556,0.8166859893542928,0.8155555555555556,0.8122594903627306
relu,"(5,)",10,5000,0.8155555555555556,0.8166859893542928,0.8155555555555556,0.8122594903627306
relu,"(5,)",50,1000,0.8444444444444444,0.8482769423558897,0.8444444444444444,0.842827031981491
relu,"(5,)",50,2000,0.8444444444444444,0.8482769423558897,0.8444444444444444,0.842827031981491
relu,"(5,)",50,3000,0.8444444444444444,0.8482769423558897,0.8444444444444444,0.842827031981491
relu,"(5,)",50,4000,0.8444444444444444,0.8482769423558897,0.8444444444444444,0.842827031981491
relu,"(5,)",50,5000,0.8444444444444444,0.8482769423558897,0.8444444444444444,0.842827031981491
relu,"(5,)",100,1000,0.8177777777777778,0.8196036123061347,0.8177777777777778,0.8167905204872646
relu,"(5,)",100,2000,0.8177777777777778,0.8196036123061347,0.8177777777777778,0.8167905204872646
relu,"(5,)",100,3000,0.8177777777777778,0.8196036123061347,0.8177777777777778,0.8167905204872646
relu,"(5,)",100,4000,0.8177777777777778,0.8196036123061347,0.8177777777777778,0.8167905204872646
relu,"(5,)",100,5000,0.8177777777777778,0.8196036123061347,0.8177777777777778,0.8167905204872646
relu,"(5,)",200,1000,0.6088888888888889,0.5913984241178486,0.6088888888888889,0.5993005123309877
relu,"(5,)",200,2000,0.6088888888888889,0.5913984241178486,0.6088888888888889,0.5993005123309877
relu,"(5,)",200,3000,0.6088888888888889,0.5913984241178486,0.6088888888888889,0.5993005123309877
relu,"(5,)",200,4000,0.6088888888888889,0.5913984241178486,0.6088888888888889,0.5993005123309877
relu,"(5,)",200,5000,0.6088888888888889,0.5913984241178486,0.6088888888888889,0.5993005123309877
relu,"(10,)",10,1000,0.8711111111111111,0.8736792409157849,0.8711111111111111,0.8700069991251093
relu,"(10,)",10,2000,0.8711111111111111,0.8736792409157849,0.8711111111111111,0.8700069991251093
relu,"(10,)",10,3000,0.8711111111111111,0.8736792409157849,0.8711111111111111,0.8700069991251093
relu,"(10,)",10,4000,0.8711111111111111,0.8736792409157849,0.8711111111111111,0.8700069991251093
relu,"(10,)",10,5000,0.8711111111111111,0.8736792409157849,0.8711111111111111,0.8700069991251093
relu,"(10,)",50,1000,0.8444444444444444,0.8445554433131212,0.8444444444444444,0.844038488939843
relu,"(10,)",50,2000,0.8444444444444444,0.8445554433131212,0.8444444444444444,0.844038488939843
relu,"(10,)",50,3000,0.8444444444444444,0.8445554433131212,0.8444444444444444,0.844038488939843
relu,"(10,)",50,4000,0.8444444444444444,0.8445554433131212,0.8444444444444444,0.844038488939843
relu,"(10,)",50,5000,0.8444444444444444,0.8445554433131212,0.8444444444444444,0.844038488939843
relu,"(10,)",100,1000,0.86,0.8597918786399997,0.86,0.859744868609317
relu,"(10,)",100,2000,0.86,0.8597918786399997,0.86,0.859744868609317
relu,"(10,)",100,3000,0.86,0.8597918786399997,0.86,0.859744868609317
relu,"(10,)",100,4000,0.86,0.8597918786399997,0.86,0.859744868609317
relu,"(10,)",100,5000,0.86,0.8597918786399997,0.86,0.859744868609317
relu,"(10,)",200,1000,0.8711111111111111,0.8716380269244763,0.8711111111111111,0.8702296211121296
relu,"(10,)",200,2000,0.8711111111111111,0.8716380269244763,0.8711111111111111,0.8702296211121296
relu,"(10,)",200,3000,0.8711111111111111,0.8716380269244763,0.8711111111111111,0.8702296211121296
relu,"(10,)",200,4000,0.8711111111111111,0.8716380269244763,0.8711111111111111,0.8702296211121296
relu,"(10,)",200,5000,0.8711111111111111,0.8716380269244763,0.8711111111111111,0.8702296211121296
relu,"(5, 3)",10,1000,0.7977777777777778,0.7957615487141354,0.7977777777777778,0.7946080418209117
relu,"(5, 3)",10,2000,0.7977777777777778,0.7957615487141354,0.7977777777777778,0.7946080418209117
relu,"(5, 3)",10,3000,0.7977777777777778,0.7957615487141354,0.7977777777777778,0.7946080418209117
relu,"(5, 3)",10,4000,0.7977777777777778,0.7957615487141354,0.7977777777777778,0.7946080418209117
relu,"(5, 3)",10,5000,0.7977777777777778,0.7957615487141354,0.7977777777777778,0.7946080418209117
relu,"(5, 3)",50,1000,0.7777777777777778,0.7656374269005849,0.7777777777777778,0.7707721494972491
relu,"(5, 3)",50,2000,0.7777777777777778,0.7656374269005849,0.7777777777777778,0.7707721494972491
relu,"(5, 3)",50,3000,0.7777777777777778,0.7656374269005849,0.7777777777777778,0.7707721494972491
relu,"(5, 3)",50,4000,0.7777777777777778,0.7656374269005849,0.7777777777777778,0.7707721494972491
relu,"(5, 3)",50,5000,0.7777777777777778,0.7656374269005849,0.7777777777777778,0.7707721494972491
relu,"(5, 3)",100,1000,0.7844444444444445,0.7739252808279692,0.7844444444444445,0.777643056947856
relu,"(5, 3)",100,2000,0.7844444444444445,0.7739252808279692,0.7844444444444445,0.777643056947856
relu,"(5, 3)",100,3000,0.7844444444444445,0.7739252808279692,0.7844444444444445,0.777643056947856
relu,"(5, 3)",100,4000,0.7844444444444445,0.7739252808279692,0.7844444444444445,0.777643056947856
relu,"(5, 3)",100,5000,0.7844444444444445,0.7739252808279692,0.7844444444444445,0.777643056947856
relu,"(5, 3)",200,1000,0.7444444444444445,0.7320547318960021,0.7444444444444445,0.7379484037769783
relu,"(5, 3)",200,2000,0.7444444444444445,0.7320547318960021,0.7444444444444445,0.7379484037769783
relu,"(5, 3)",200,3000,0.7444444444444445,0.7320547318960021,0.7444444444444445,0.7379484037769783
relu,"(5, 3)",200,4000,0.7444444444444445,0.7320547318960021,0.7444444444444445,0.7379484037769783
relu,"(5, 3)",200,5000,0.7444444444444445,0.7320547318960021,0.7444444444444445,0.7379484037769783
relu,"(10, 5)",10,1000,0.84,0.8418974014336917,0.84,0.8399652061460502
relu,"(10, 5)",10,2000,0.84,0.8418974014336917,0.84,0.8399652061460502
relu,"(10, 5)",10,3000,0.84,0.8418974014336917,0.84,0.8399652061460502
relu,"(10, 5)",10,4000,0.84,0.8418974014336917,0.84,0.8399652061460502
relu,"(10, 5)",10,5000,0.84,0.8418974014336917,0.84,0.8399652061460502
relu,"(10, 5)",50,1000,0.8844444444444445,0.8853808922558922,0.8844444444444445,0.8841502598302275
relu,"(10, 5)",50,2000,0.8844444444444445,0.8853808922558922,0.8844444444444445,0.8841502598302275
relu,"(10, 5)",50,3000,0.8844444444444445,0.8853808922558922,0.8844444444444445,0.8841502598302275
relu,"(10, 5)",50,4000,0.8844444444444445,0.8853808922558922,0.8844444444444445,0.8841502598302275
relu,"(10, 5)",50,5000,0.8844444444444445,0.8853808922558922,0.8844444444444445,0.8841502598302275
relu,"(10, 5)",100,1000,0.8866666666666667,0.8880226062869456,0.8866666666666667,0.8852859768926511
relu,"(10, 5)",100,2000,0.8866666666666667,0.8880226062869456,0.8866666666666667,0.8852859768926511
relu,"(10, 5)",100,3000,0.8866666666666667,0.8880226062869456,0.8866666666666667,0.8852859768926511
relu,"(10, 5)",100,4000,0.8866666666666667,0.8880226062869456,0.8866666666666667,0.8852859768926511
relu,"(10, 5)",100,5000,0.8866666666666667,0.8880226062869456,0.8866666666666667,0.8852859768926511
relu,"(10, 5)",200,1000,0.8533333333333334,0.8529056743909685,0.8533333333333334,0.8521313216693833
relu,"(10, 5)",200,2000,0.8533333333333334,0.8529056743909685,0.8533333333333334,0.8521313216693833
relu,"(10, 5)",200,3000,0.8533333333333334,0.8529056743909685,0.8533333333333334,0.8521313216693833
relu,"(10, 5)",200,4000,0.8533333333333334,0.8529056743909685,0.8533333333333334,0.8521313216693833
relu,"(10, 5)",200,5000,0.8533333333333334,0.8529056743909685,0.8533333333333334,0.8521313216693833
relu,"(15, 10, 5)",10,1000,0.8377777777777777,0.8490888693957115,0.8377777777777777,0.8407919947669555
relu,"(15, 10, 5)",10,2000,0.8377777777777777,0.8490888693957115,0.8377777777777777,0.8407919947669555
relu,"(15, 10, 5)",10,3000,0.8377777777777777,0.8490888693957115,0.8377777777777777,0.8407919947669555
relu,"(15, 10, 5)",10,4000,0.8377777777777777,0.8490888693957115,0.8377777777777777,0.8407919947669555
relu,"(15, 10, 5)",10,5000,0.8377777777777777,0.8490888693957115,0.8377777777777777,0.8407919947669555
relu,"(15, 10, 5)",50,1000,0.8933333333333333,0.8930488994084256,0.8933333333333333,0.8928365638310142
relu,"(15, 10, 5)",50,2000,0.8933333333333333,0.8930488994084256,0.8933333333333333,0.8928365638310142
relu,"(15, 10, 5)",50,3000,0.8933333333333333,0.8930488994084256,0.8933333333333333,0.8928365638310142
relu,"(15, 10, 5)",50,4000,0.8933333333333333,0.8930488994084256,0.8933333333333333,0.8928365638310142
relu,"(15, 10, 5)",50,5000,0.8933333333333333,0.8930488994084256,0.8933333333333333,0.8928365638310142
relu,"(15, 10, 5)",100,1000,0.88,0.8848634782157139,0.88,0.879073371470559
relu,"(15, 10, 5)",100,2000,0.88,0.8848634782157139,0.88,0.879073371470559
relu,"(15, 10, 5)",100,3000,0.88,0.8848634782157139,0.88,0.879073371470559
relu,"(15, 10, 5)",100,4000,0.88,0.8848634782157139,0.88,0.879073371470559
relu,"(15, 10, 5)",100,5000,0.88,0.8848634782157139,0.88,0.879073371470559
relu,"(15, 10, 5)",200,1000,0.88,0.8819521551512433,0.88,0.8770804324491419
relu,"(15, 10, 5)",200,2000,0.88,0.8819521551512433,0.88,0.8770804324491419
relu,"(15, 10, 5)",200,3000,0.88,0.8819521551512433,0.88,0.8770804324491419
relu,"(15, 10, 5)",200,4000,0.88,0.8819521551512433,0.88,0.8770804324491419
relu,"(15, 10, 5)",200,5000,0.88,0.8819521551512433,0.88,0.8770804324491419
relu,"(20, 15, 10)",10,1000,0.8955555555555555,0.9001356886840757,0.8955555555555555,0.8966943809765592
relu,"(20, 15, 10)",10,2000,0.8955555555555555,0.9001356886840757,0.8955555555555555,0.8966943809765592
relu,"(20, 15, 10)",10,3000,0.8955555555555555,0.9001356886840757,0.8955555555555555,0.8966943809765592
relu,"(20, 15, 10)",10,4000,0.8955555555555555,0.9001356886840757,0.8955555555555555,0.8966943809765592
relu,"(20, 15, 10)",10,5000,0.8955555555555555,0.9001356886840757,0.8955555555555555,0.8966943809765592
relu,"(20, 15, 10)",50,1000,0.88,0.8798958589585896,0.88,0.8790336320599478
relu,"(20, 15, 10)",50,2000,0.88,0.8798958589585896,0.88,0.8790336320599478
relu,"(20, 15, 10)",50,3000,0.88,0.8798958589585896,0.88,0.8790336320599478
relu,"(20, 15, 10)",50,4000,0.88,0.8798958589585896,0.88,0.8790336320599478
relu,"(20, 15, 10)",50,5000,0.88,0.8798958589585896,0.88,0.8790336320599478
relu,"(20, 15, 10)",100,1000,0.8577777777777778,0.8811753902662994,0.8577777777777778,0.8617111623152626
relu,"(20, 15, 10)",100,2000,0.8577777777777778,0.8811753902662994,0.8577777777777778,0.8617111623152626
relu,"(20, 15, 10)",100,3000,0.8577777777777778,0.8811753902662994,0.8577777777777778,0.8617111623152626
relu,"(20, 15, 10)",100,4000,0.8577777777777778,0.8811753902662994,0.8577777777777778,0.8617111623152626
relu,"(20, 15, 10)",100,5000,0.8577777777777778,0.8811753902662994,0.8577777777777778,0.8617111623152626
relu,"(20, 15, 10)",200,1000,0.9066666666666666,0.9095873851334259,0.9066666666666666,0.9038785272514651
relu,"(20, 15, 10)",200,2000,0.9066666666666666,0.9095873851334259,0.9066666666666666,0.9038785272514651
relu,"(20, 15, 10)",200,3000,0.9066666666666666,0.9095873851334259,0.9066666666666666,0.9038785272514651
relu,"(20, 15, 10)",200,4000,0.9066666666666666,0.9095873851334259,0.9066666666666666,0.9038785272514651
relu,"(20, 15, 10)",200,5000,0.9066666666666666,0.9095873851334259,0.9066666666666666,0.9038785272514651
identity,"(5,)",10,1000,0.6088888888888889,0.49937201838841183,0.6088888888888889,0.5374482745224763
identity,"(5,)",10,2000,0.6088888888888889,0.49937201838841183,0.6088888888888889,0.5374482745224763
identity,"(5,)",10,3000,0.6088888888888889,0.49937201838841183,0.6088888888888889,0.5374482745224763
identity,"(5,)",10,4000,0.6088888888888889,0.49937201838841183,0.6088888888888889,0.5374482745224763
identity,"(5,)",10,5000,0.6088888888888889,0.49937201838841183,0.6088888888888889,0.5374482745224763
identity,"(5,)",50,1000,0.5977777777777777,0.5800199671129903,0.5977777777777777,0.5257949990345064
identity,"(5,)",50,2000,0.5977777777777777,0.5800199671129903,0.5977777777777777,0.5257949990345064
identity,"(5,)",50,3000,0.5977777777777777,0.5800199671129903,0.5977777777777777,0.5257949990345064
identity,"(5,)",50,4000,0.5977777777777777,0.5800199671129903,0.5977777777777777,0.5257949990345064
identity,"(5,)",50,5000,0.5977777777777777,0.5800199671129903,0.5977777777777777,0.5257949990345064
identity,"(5,)",100,1000,0.6022222222222222,0.6400513503138351,0.6022222222222222,0.5222830653248955
identity,"(5,)",100,2000,0.6022222222222222,0.6400513503138351,0.6022222222222222,0.5222830653248955
identity,"(5,)",100,3000,0.6022222222222222,0.6400513503138351,0.6022222222222222,0.5222830653248955
identity,"(5,)",100,4000,0.6022222222222222,0.6400513503138351,0.6022222222222222,0.5222830653248955
identity,"(5,)",100,5000,0.6022222222222222,0.6400513503138351,0.6022222222222222,0.5222830653248955
identity,"(5,)",200,1000,0.6133333333333333,0.5865657004568526,0.6133333333333333,0.5635946586550596
identity,"(5,)",200,2000,0.6133333333333333,0.5865657004568526,0.6133333333333333,0.5635946586550596
identity,"(5,)",200,3000,0.6133333333333333,0.5865657004568526,0.6133333333333333,0.5635946586550596
identity,"(5,)",200,4000,0.6133333333333333,0.5865657004568526,0.6133333333333333,0.5635946586550596
identity,"(5,)",200,5000,0.6133333333333333,0.5865657004568526,0.6133333333333333,0.5635946586550596
identity,"(10,)",10,1000,0.6066666666666667,0.647682972686562,0.6066666666666667,0.5240928378887761
identity,"(10,)",10,2000,0.6066666666666667,0.647682972686562,0.6066666666666667,0.5240928378887761
identity,"(10,)",10,3000,0.6066666666666667,0.647682972686562,0.6066666666666667,0.5240928378887761
identity,"(10,)",10,4000,0.6066666666666667,0.647682972686562,0.6066666666666667,0.5240928378887761
identity,"(10,)",10,5000,0.6066666666666667,0.647682972686562,0.6066666666666667,0.5240928378887761
identity,"(10,)",50,1000,0.6044444444444445,0.5877616996841805,0.6044444444444445,0.5378577941857146
identity,"(10,)",50,2000,0.6044444444444445,0.5877616996841805,0.6044444444444445,0.5378577941857146
identity,"(10,)",50,3000,0.6044444444444445,0.5877616996841805,0.6044444444444445,0.5378577941857146
identity,"(10,)",50,4000,0.6044444444444445,0.5877616996841805,0.6044444444444445,0.5378577941857146
identity,"(10,)",50,5000,0.6044444444444445,0.5877616996841805,0.6044444444444445,0.5378577941857146
identity,"(10,)",100,1000,0.6155555555555555,0.591195981654971,0.6155555555555555,0.5684663191470252
identity,"(10,)",100,2000,0.6155555555555555,0.591195981654971,0.6155555555555555,0.5684663191470252
identity,"(10,)",100,3000,0.6155555555555555,0.591195981654971,0.6155555555555555,0.5684663191470252
identity,"(10,)",100,4000,0.6155555555555555,0.591195981654971,0.6155555555555555,0.5684663191470252
identity,"(10,)",100,5000,0.6155555555555555,0.591195981654971,0.6155555555555555,0.5684663191470252
identity,"(10,)",200,1000,0.5955555555555555,0.5806251491290861,0.5955555555555555,0.5207641633728589
identity,"(10,)",200,2000,0.5955555555555555,0.5806251491290861,0.5955555555555555,0.5207641633728589
identity,"(10,)",200,3000,0.5955555555555555,0.5806251491290861,0.5955555555555555,0.5207641633728589
identity,"(10,)",200,4000,0.5955555555555555,0.5806251491290861,0.5955555555555555,0.5207641633728589
identity,"(10,)",200,5000,0.5955555555555555,0.5806251491290861,0.5955555555555555,0.5207641633728589
identity,"(5, 3)",10,1000,0.5977777777777777,0.49377852600074823,0.5977777777777777,0.510829603776646
identity,"(5, 3)",10,2000,0.5977777777777777,0.49377852600074823,0.5977777777777777,0.510829603776646
identity,"(5, 3)",10,3000,0.5977777777777777,0.49377852600074823,0.5977777777777777,0.510829603776646
identity,"(5, 3)",10,4000,0.5977777777777777,0.49377852600074823,0.5977777777777777,0.510829603776646
identity,"(5, 3)",10,5000,0.5977777777777777,0.49377852600074823,0.5977777777777777,0.510829603776646
identity,"(5, 3)",50,1000,0.6044444444444445,0.5713903962019925,0.6044444444444445,0.5524585325996942
identity,"(5, 3)",50,2000,0.6044444444444445,0.5713903962019925,0.6044444444444445,0.5524585325996942
identity,"(5, 3)",50,3000,0.6044444444444445,0.5713903962019925,0.6044444444444445,0.5524585325996942
identity,"(5, 3)",50,4000,0.6044444444444445,0.5713903962019925,0.6044444444444445,0.5524585325996942
identity,"(5, 3)",50,5000,0.6044444444444445,0.5713903962019925,0.6044444444444445,0.5524585325996942
identity,"(5, 3)",100,1000,0.62,0.5965858344688428,0.62,0.5694210234210234
identity,"(5, 3)",100,2000,0.62,0.5965858344688428,0.62,0.5694210234210234
identity,"(5, 3)",100,3000,0.62,0.5965858344688428,0.62,0.5694210234210234
identity,"(5, 3)",100,4000,0.62,0.5965858344688428,0.62,0.5694210234210234
identity,"(5, 3)",100,5000,0.62,0.5965858344688428,0.62,0.5694210234210234
identity,"(5, 3)",200,1000,0.6133333333333333,0.588128209551252,0.6133333333333333,0.5707272549906438
identity,"(5, 3)",200,2000,0.6133333333333333,0.588128209551252,0.6133333333333333,0.5707272549906438
identity,"(5, 3)",200,3000,0.6133333333333333,0.588128209551252,0.6133333333333333,0.5707272549906438
identity,"(5, 3)",200,4000,0.6133333333333333,0.588128209551252,0.6133333333333333,0.5707272549906438
identity,"(5, 3)",200,5000,0.6133333333333333,0.588128209551252,0.6133333333333333,0.5707272549906438
identity,"(10, 5)",10,1000,0.6133333333333333,0.5920804597701149,0.6133333333333333,0.5688549052983642
identity,"(10, 5)",10,2000,0.6133333333333333,0.5920804597701149,0.6133333333333333,0.5688549052983642
identity,"(10, 5)",10,3000,0.6133333333333333,0.5920804597701149,0.6133333333333333,0.5688549052983642
identity,"(10, 5)",10,4000,0.6133333333333333,0.5920804597701149,0.6133333333333333,0.5688549052983642
identity,"(10, 5)",10,5000,0.6133333333333333,0.5920804597701149,0.6133333333333333,0.5688549052983642
identity,"(10, 5)",50,1000,0.6,0.4966781741465286,0.6,0.5139532134709268
identity,"(10, 5)",50,2000,0.6,0.4966781741465286,0.6,0.5139532134709268
identity,"(10, 5)",50,3000,0.6,0.4966781741465286,0.6,0.5139532134709268
identity,"(10, 5)",50,4000,0.6,0.4966781741465286,0.6,0.5139532134709268
identity,"(10, 5)",50,5000,0.6,0.4966781741465286,0.6,0.5139532134709268
identity,"(10, 5)",100,1000,0.6,0.5679288292053734,0.6,0.542923322683706
identity,"(10, 5)",100,2000,0.6,0.5679288292053734,0.6,0.542923322683706
identity,"(10, 5)",100,3000,0.6,0.5679288292053734,0.6,0.542923322683706
identity,"(10, 5)",100,4000,0.6,0.5679288292053734,0.6,0.542923322683706
identity,"(10, 5)",100,5000,0.6,0.5679288292053734,0.6,0.542923322683706
identity,"(10, 5)",200,1000,0.6044444444444445,0.5739870606569037,0.6044444444444445,0.5556582052278647
identity,"(10, 5)",200,2000,0.6044444444444445,0.5739870606569037,0.6044444444444445,0.5556582052278647
identity,"(10, 5)",200,3000,0.6044444444444445,0.5739870606569037,0.6044444444444445,0.5556582052278647
identity,"(10, 5)",200,4000,0.6044444444444445,0.5739870606569037,0.6044444444444445,0.5556582052278647
identity,"(10, 5)",200,5000,0.6044444444444445,0.5739870606569037,0.6044444444444445,0.5556582052278647
identity,"(15, 10, 5)",10,1000,0.6022222222222222,0.5031283780551968,0.6022222222222222,0.5094485238347088
identity,"(15, 10, 5)",10,2000,0.6022222222222222,0.5031283780551968,0.6022222222222222,0.5094485238347088
identity,"(15, 10, 5)",10,3000,0.6022222222222222,0.5031283780551968,0.6022222222222222,0.5094485238347088
identity,"(15, 10, 5)",10,4000,0.6022222222222222,0.5031283780551968,0.6022222222222222,0.5094485238347088
identity,"(15, 10, 5)",10,5000,0.6022222222222222,0.5031283780551968,0.6022222222222222,0.5094485238347088
identity,"(15, 10, 5)",50,1000,0.6177777777777778,0.5924797420349572,0.6177777777777778,0.579673981433231
identity,"(15, 10, 5)",50,2000,0.6177777777777778,0.5924797420349572,0.6177777777777778,0.579673981433231
identity,"(15, 10, 5)",50,3000,0.6177777777777778,0.5924797420349572,0.6177777777777778,0.579673981433231
identity,"(15, 10, 5)",50,4000,0.6177777777777778,0.5924797420349572,0.6177777777777778,0.579673981433231
identity,"(15, 10, 5)",50,5000,0.6177777777777778,0.5924797420349572,0.6177777777777778,0.579673981433231
identity,"(15, 10, 5)",100,1000,0.6044444444444445,0.5847670804319306,0.6044444444444445,0.5440329119474198
identity,"(15, 10, 5)",100,2000,0.6044444444444445,0.5847670804319306,0.6044444444444445,0.5440329119474198
identity,"(15, 10, 5)",100,3000,0.6044444444444445,0.5847670804319306,0.6044444444444445,0.5440329119474198
identity,"(15, 10, 5)",100,4000,0.6044444444444445,0.5847670804319306,0.6044444444444445,0.5440329119474198
identity,"(15, 10, 5)",100,5000,0.6044444444444445,0.5847670804319306,0.6044444444444445,0.5440329119474198
identity,"(15, 10, 5)",200,1000,0.6088888888888889,0.5821259431957065,0.6088888888888889,0.5544420949371102
identity,"(15, 10, 5)",200,2000,0.6088888888888889,0.5821259431957065,0.6088888888888889,0.5544420949371102
identity,"(15, 10, 5)",200,3000,0.6088888888888889,0.5821259431957065,0.6088888888888889,0.5544420949371102
identity,"(15, 10, 5)",200,4000,0.6088888888888889,0.5821259431957065,0.6088888888888889,0.5544420949371102
identity,"(15, 10, 5)",200,5000,0.6088888888888889,0.5821259431957065,0.6088888888888889,0.5544420949371102
identity,"(20, 15, 10)",10,1000,0.5955555555555555,0.4985761693675363,0.5955555555555555,0.48974638796636555
identity,"(20, 15, 10)",10,2000,0.5955555555555555,0.4985761693675363,0.5955555555555555,0.48974638796636555
identity,"(20, 15, 10)",10,3000,0.5955555555555555,0.4985761693675363,0.5955555555555555,0.48974638796636555
identity,"(20, 15, 10)",10,4000,0.5955555555555555,0.4985761693675363,0.5955555555555555,0.48974638796636555
identity,"(20, 15, 10)",10,5000,0.5955555555555555,0.4985761693675363,0.5955555555555555,0.48974638796636555
identity,"(20, 15, 10)",50,1000,0.5911111111111111,0.5704871794871794,0.5911111111111111,0.5162205835256113
identity,"(20, 15, 10)",50,2000,0.5911111111111111,0.5704871794871794,0.5911111111111111,0.5162205835256113
identity,"(20, 15, 10)",50,3000,0.5911111111111111,0.5704871794871794,0.5911111111111111,0.5162205835256113
identity,"(20, 15, 10)",50,4000,0.5911111111111111,0.5704871794871794,0.5911111111111111,0.5162205835256113
identity,"(20, 15, 10)",50,5000,0.5911111111111111,0.5704871794871794,0.5911111111111111,0.5162205835256113
identity,"(20, 15, 10)",100,1000,0.5866666666666667,0.5825736983927693,0.5866666666666667,0.4918998752977247
identity,"(20, 15, 10)",100,2000,0.5866666666666667,0.5825736983927693,0.5866666666666667,0.4918998752977247
identity,"(20, 15, 10)",100,3000,0.5866666666666667,0.5825736983927693,0.5866666666666667,0.4918998752977247
identity,"(20, 15, 10)",100,4000,0.5866666666666667,0.5825736983927693,0.5866666666666667,0.4918998752977247
identity,"(20, 15, 10)",100,5000,0.5866666666666667,0.5825736983927693,0.5866666666666667,0.4918998752977247
identity,"(20, 15, 10)",200,1000,0.6155555555555555,0.5894932949229,0.6155555555555555,0.5904677202169781
identity,"(20, 15, 10)",200,2000,0.6155555555555555,0.5894932949229,0.6155555555555555,0.5904677202169781
identity,"(20, 15, 10)",200,3000,0.6155555555555555,0.5894932949229,0.6155555555555555,0.5904677202169781
identity,"(20, 15, 10)",200,4000,0.6155555555555555,0.5894932949229,0.6155555555555555,0.5904677202169781
identity,"(20, 15, 10)",200,5000,0.6155555555555555,0.5894932949229,0.6155555555555555,0.5904677202169781
